"Date","Value"
"12/31/1927",329.27
"01/31/1928",327.6
"02/29/1928",325.58
"03/31/1928",363.68
"04/30/1928",372.55
"05/31/1928",375.07
"06/30/1928",361.04
"07/31/1928",366.51
"08/31/1928",393.68
"09/29/1928",394.16
"10/31/1928",406.58
"11/30/1928",455.34
"12/31/1928",459.32
"01/31/1929",485.54
"02/28/1929",482.71
"03/28/1929",484.41
"04/30/1929",495.1
"05/31/1929",471.13
"06/29/1929",517.04
"07/31/1929",538.47
"08/30/1929",591.24
"09/30/1929",562.34
"10/31/1929",450.28
"11/27/1929",390.06
"12/31/1929",402.26
"01/31/1930",429.89
"02/28/1930",441.72
"03/31/1930",460.94
"04/30/1930",472.46
"05/29/1930",467.43
"06/30/1930",392.83
"07/31/1930",412.14
"08/29/1930",417.77
"09/30/1930",361.23
"10/31/1930",331.16
"11/29/1930",325.9
"12/31/1930",307.33
"01/31/1931",326.42
"02/28/1931",368.38
"03/31/1931",345.1
"04/30/1931",314.03
"05/29/1931",274.49
"06/30/1931",316.79
"07/31/1931",293.3
"08/31/1931",296.07
"09/30/1931",208.8
"10/31/1931",227.96
"11/30/1931",208.46
"12/31/1931",179.4
"01/30/1932",177.97
"02/29/1932",189.65
"03/31/1932",168.42
"04/30/1932",135.29
"05/31/1932",105.24
"06/30/1932",105.07
"07/30/1932",144.68
"08/31/1932",200.47
"09/30/1932",194.5
"10/31/1932",168.8
"11/30/1932",160.06
"12/31/1932",169.65
"01/31/1933",173.53
"02/28/1933",143.76
"03/31/1933",149.76
"04/29/1933",212.99
"05/31/1933",246.78
"06/30/1933",277.1
"07/31/1933",245
"08/31/1933",271
"09/30/1933",240.21
"10/31/1933",218.95
"11/29/1933",241.43
"12/30/1933",246.81
"01/31/1934",272.96
"02/28/1934",260.96
"03/31/1934",260.72
"04/30/1934",253.68
"05/31/1934",233.07
"06/30/1934",236.14
"07/31/1934",208.94
"08/31/1934",220.26
"09/29/1934",215.83
"10/31/1934",210.5
"11/30/1934",227.94
"12/31/1934",228.68
"01/31/1935",215.83
"02/28/1935",205.78
"03/30/1935",199.42
"04/30/1935",216.91
"05/31/1935",223.92
"06/29/1935",240.86
"07/31/1935",260.87
"08/31/1935",266.52
"09/30/1935",272.88
"10/31/1935",293.37
"11/30/1935",302.69
"12/31/1935",313.91
"01/31/1936",334.48
"02/29/1936",340.09
"03/31/1936",351.29
"04/30/1936",324.21
"05/29/1936",339.04
"06/30/1936",346.87
"07/31/1936",367.81
"08/31/1936",368.41
"09/30/1936",368.87
"10/31/1936",396.52
"11/30/1936",398.13
"12/31/1936",395.83
"01/30/1937",407.89
"02/27/1937",413.84
"03/31/1937",407.06
"04/30/1937",370.61
"05/28/1937",364.23
"06/30/1937",344.96
"07/31/1937",377.73
"08/31/1937",356.82
"09/30/1937",304
"10/30/1937",273.07
"11/30/1937",247.15
"12/31/1937",236.32
"01/31/1938",242.83
"02/28/1938",259.42
"03/31/1938",194.45
"04/30/1938",220.34
"05/31/1938",212.07
"06/30/1938",264.45
"07/30/1938",283.67
"08/31/1938",275.89
"09/30/1938",280.01
"10/31/1938",303.44
"11/30/1938",293.3
"12/31/1938",304.36
"01/31/1939",283.39
"02/28/1939",294.71
"03/31/1939",254.8
"04/29/1939",255.24
"05/31/1939",271.14
"06/30/1939",253.84
"07/31/1939",281.42
"08/31/1939",261.32
"09/30/1939",297.85
"10/31/1939",295.6
"11/30/1939",281.09
"12/30/1939",287.77
"01/31/1940",279.63
"02/29/1940",279.48
"03/30/1940",282.24
"04/30/1940",280.86
"05/31/1940",213.58
"06/29/1940",228.31
"07/31/1940",237.08
"08/31/1940",243.3
"09/30/1940",245.61
"10/31/1940",255.28
"11/30/1940",244.46
"12/31/1940",242.04
"01/31/1941",230.37
"02/28/1941",226.94
"03/31/1941",226.25
"04/30/1941",210
"05/31/1941",209.44
"06/30/1941",216.14
"07/31/1941",227.99
"08/30/1941",222.98
"09/30/1941",217.89
"10/31/1941",200.28
"11/29/1941",190.6
"12/31/1941",180.84
"01/31/1942",181
"02/28/1942",175.37
"03/31/1942",161.48
"04/30/1942",153.47
"05/29/1942",161.28
"06/30/1942",164.25
"07/31/1942",168.36
"08/31/1942",168.51
"09/30/1942",173.01
"10/31/1942",181.95
"11/30/1942",178.37
"12/31/1942",186.47
"01/30/1943",199.84
"02/27/1943",209.95
"03/31/1943",217.17
"04/30/1943",214.86
"05/29/1943",223.21
"06/30/1943",227.64
"07/31/1943",216.52
"08/31/1943",220.01
"09/30/1943",223.94
"10/30/1943",220.97
"11/30/1943",204.29
"12/31/1943",216.34
"01/31/1944",219.68
"02/29/1944",219.12
"03/31/1944",222.83
"04/29/1944",218.79
"05/31/1944",227.64
"06/30/1944",237.89
"07/31/1944",231.62
"08/31/1944",233.63
"09/30/1944",232.9
"10/31/1944",232.9
"11/30/1944",233.81
"12/30/1944",240.65
"01/31/1945",244.1
"02/28/1945",259.14
"03/31/1945",247.18
"04/30/1945",268.92
"05/31/1945",270.48
"06/30/1945",266.6
"07/31/1945",261.26
"08/31/1945",276.4
"09/29/1945",287.99
"10/31/1945",296.72
"11/30/1945",306.34
"12/31/1945",307.67
"01/31/1946",329.12
"02/28/1946",307.95
"03/30/1946",318.68
"04/30/1946",328.87
"05/31/1946",334.42
"06/28/1946",317.9
"07/31/1946",292.59
"08/30/1946",265.87
"09/30/1946",236.54
"10/31/1946",230.13
"11/30/1946",222.16
"12/31/1946",229.54
"01/31/1947",234.94
"02/28/1947",231.49
"03/31/1947",223.44
"04/30/1947",214.75
"05/29/1947",212.83
"06/30/1947",223.01
"07/31/1947",228.99
"08/29/1947",219.63
"09/30/1947",211.91
"10/31/1947",216.4
"11/29/1947",209.32
"12/31/1947",210.91
"01/31/1948",199.93
"02/28/1948",192.16
"03/31/1948",207.87
"04/30/1948",209.8
"05/28/1948",225.25
"06/30/1948",224.05
"07/30/1948",209.53
"08/31/1948",210.26
"09/30/1948",203.94
"10/30/1948",218.65
"11/30/1948",196.6
"12/31/1948",203.44
"01/31/1949",204.56
"02/28/1949",198.14
"03/31/1949",204.11
"04/30/1949",198.94
"05/31/1949",192.32
"06/30/1949",191.11
"07/29/1949",204.7
"08/31/1949",206.28
"09/30/1949",210.27
"10/31/1949",218.31
"11/30/1949",217.66
"12/31/1949",229.07
"01/31/1950",234.03
"02/28/1950",236.36
"03/31/1950",236.32
"04/29/1950",246.98
"05/31/1950",255.6
"06/30/1950",239.75
"07/31/1950",238.78
"08/31/1950",244.51
"09/29/1950",257.12
"10/31/1950",256.08
"11/30/1950",254.78
"12/30/1950",263.34
"01/31/1951",275.07
"02/28/1951",273.61
"03/31/1951",267.55
"04/30/1951",280.43
"05/31/1951",268.01
"06/29/1951",261.04
"07/31/1951",278.97
"08/31/1951",289.93
"09/28/1951",287.46
"10/31/1951",282.43
"11/30/1951",279.55
"12/31/1951",289.33
"01/31/1952",293.83
"02/29/1952",285.28
"03/31/1952",298.89
"04/30/1952",284.93
"05/29/1952",291.53
"06/30/1952",303.82
"07/31/1952",306.86
"08/29/1952",302.39
"09/30/1952",296.47
"10/31/1952",296.22
"11/28/1952",310
"12/31/1952",320.99
"01/30/1953",319.89
"02/27/1953",315.26
"03/31/1953",306.68
"04/30/1953",298.55
"05/29/1953",296.47
"06/30/1953",290.55
"07/31/1953",297.89
"08/31/1953",279.63
"09/30/1953",279.99
"10/30/1953",293.17
"11/30/1953",296.9
"12/31/1953",297.5
"01/29/1954",312.73
"02/26/1954",313.57
"03/31/1954",323.04
"04/30/1954",340.13
"05/28/1954",350.02
"06/30/1954",350.26
"07/30/1954",370.29
"08/31/1954",357.69
"09/30/1954",388.88
"10/29/1954",381.3
"11/30/1954",412.11
"12/31/1954",434.67
"01/31/1955",442.52
"02/28/1955",444.1
"03/31/1955",441.92
"04/29/1955",458.59
"05/31/1955",457.99
"06/30/1955",495.68
"07/29/1955",523.8
"08/31/1955",519.71
"09/30/1955",523.65
"10/31/1955",507.7
"11/30/1955",545.72
"12/30/1955",547.39
"01/31/1956",527.41
"02/29/1956",545.71
"03/29/1956",583.5
"04/30/1956",580.13
"05/31/1956",539.99
"06/29/1956",557.01
"07/31/1956",581.43
"08/31/1956",561.35
"09/28/1956",533.87
"10/31/1956",534.63
"11/30/1956",528.77
"12/31/1956",545.43
"01/31/1957",522.64
"02/28/1957",503.75
"03/29/1957",511.8
"04/30/1957",528.82
"05/31/1957",546.4
"06/28/1957",543.76
"07/31/1957",546.07
"08/30/1957",515.41
"09/30/1957",483.5
"10/31/1957",468
"11/29/1957",473.85
"12/31/1957",454.2
"01/31/1958",470.31
"02/28/1958",460.61
"03/31/1958",471.52
"04/30/1958",484.85
"05/29/1958",492.1
"06/30/1958",504.94
"07/31/1958",524.88
"08/29/1958",532.95
"09/30/1958",558.73
"10/31/1958",572.91
"11/28/1958",583.72
"12/31/1958",616.21
"01/30/1959",616.76
"02/27/1959",618.45
"03/31/1959",618.78
"04/30/1959",640.56
"05/29/1959",652.69
"06/30/1959",648.11
"07/31/1959",668.43
"08/31/1959",658.38
"09/30/1959",626.19
"10/30/1959",631.08
"11/30/1959",639.42
"12/31/1959",657.08
"01/29/1960",612.21
"02/29/1960",615.72
"03/31/1960",607.16
"04/29/1960",594.5
"05/31/1960",610.46
"06/30/1960",620.28
"07/29/1960",604.91
"08/31/1960",620.71
"09/30/1960",583.23
"10/31/1960",577.9
"11/30/1960",601.18
"12/30/1960",628.99
"01/31/1961",668.72
"02/28/1961",686.69
"03/30/1961",704.22
"04/28/1961",706.93
"05/31/1961",720.46
"06/30/1961",699.68
"07/31/1961",717.81
"08/31/1961",734.34
"09/29/1961",717.48
"10/31/1961",737.8
"11/30/1961",766.84
"12/29/1961",769.31
"01/31/1962",740.17
"02/28/1962",749.71
"03/30/1962",745.32
"04/30/1962",696.82
"05/31/1962",636.9
"06/29/1962",584.78
"07/31/1962",619.89
"08/31/1962",629.37
"09/28/1962",597.06
"10/31/1962",599.71
"11/30/1962",660.61
"12/31/1962",669.53
"01/31/1963",702.42
"02/28/1963",682.15
"03/29/1963",704.03
"04/30/1963",738.19
"05/31/1963",748.76
"06/28/1963",731.24
"07/31/1963",726.34
"08/30/1963",761.75
"09/30/1963",753.34
"10/31/1963",775.09
"11/29/1963",766.92
"12/31/1963",783.12
"01/31/1964",804.21
"02/28/1964",812.14
"03/31/1964",824.46
"04/30/1964",829.47
"05/28/1964",838.97
"06/30/1964",850
"07/31/1964",862.72
"08/31/1964",851.46
"09/30/1964",873.09
"10/30/1964",880.15
"11/30/1964",872.78
"12/31/1964",876.19
"01/29/1965",905.24
"02/26/1965",903.89
"03/31/1965",887.92
"04/30/1965",915.4
"05/28/1965",908.31
"06/30/1965",858.67
"07/30/1965",870.2
"08/31/1965",889.8
"09/30/1965",918.28
"10/29/1965",940.41
"11/30/1965",932.17
"12/31/1965",937.56
"01/31/1966",942.12
"02/28/1966",919.5
"03/31/1966",896.64
"04/29/1966",909.36
"05/31/1966",860.13
"06/30/1966",843.64
"07/29/1966",829.73
"08/31/1966",760.53
"09/30/1966",755.21
"10/31/1966",786.3
"11/30/1966",788.75
"12/30/1966",787.58
"01/31/1967",849.15
"02/28/1967",850.82
"03/31/1967",881.67
"04/28/1967",916.13
"05/31/1967",865.47
"06/30/1967",877.99
"07/31/1967",915.05
"08/31/1967",901.63
"09/29/1967",928.42
"10/31/1967",893.02
"11/30/1967",897.06
"12/29/1967",917.92
"01/31/1968",872.52
"02/29/1968",842.81
"03/29/1968",848.25
"04/30/1968",913.86
"05/31/1968",922.62
"06/28/1968",925.67
"07/30/1968",903.36
"08/30/1968",911.1
"09/30/1968",943.51
"10/31/1968",944.93
"11/29/1968",987.46
"12/31/1968",943.7
"01/31/1969",933.34
"02/28/1969",884.16
"03/28/1969",907.01
"04/30/1969",921.39
"05/29/1969",916.82
"06/30/1969",861.13
"07/31/1969",804.91
"08/29/1969",832.64
"09/30/1969",809.62
"10/31/1969",839.87
"11/28/1969",806.92
"12/31/1969",787.66
"01/30/1970",725.51
"02/27/1970",759.72
"03/31/1970",756.84
"04/30/1970",682.99
"05/29/1970",639.69
"06/30/1970",604.55
"07/31/1970",645.54
"08/31/1970",674.24
"09/30/1970",693.67
"10/30/1970",681.55
"11/30/1970",710.29
"12/31/1970",746.83
"01/29/1971",777.06
"02/26/1971",782.15
"03/31/1971",808.9
"04/30/1971",836.16
"05/28/1971",797.44
"06/30/1971",784.16
"07/30/1971",757.5
"08/31/1971",782.92
"09/30/1971",777.47
"10/29/1971",743.15
"11/30/1971",741.26
"12/31/1971",801.22
"01/31/1972",815.74
"02/29/1972",832.33
"03/30/1972",835.23
"04/28/1972",836.87
"05/31/1972",849.28
"06/30/1972",828.76
"07/31/1972",826.73
"08/31/1972",853.17
"09/29/1972",847.01
"10/31/1972",850.86
"11/30/1972",887.58
"12/29/1972",895.96
"01/31/1973",878.56
"02/28/1973",839.71
"03/30/1973",830.76
"04/30/1973",791.38
"05/31/1973",771.13
"06/29/1973",760.86
"07/31/1973",787.98
"08/31/1973",745.61
"09/28/1973",773.79
"10/31/1973",766.01
"11/30/1973",674.36
"12/31/1973",681.08
"01/31/1974",668.45
"02/28/1974",657.56
"03/29/1974",634.19
"04/30/1974",606.89
"05/31/1974",579.28
"06/28/1974",566.13
"07/31/1974",517.86
"08/30/1974",465.46
"09/30/1974",405.05
"10/31/1974",466.48
"11/29/1974",438.24
"12/31/1974",426.1
"01/31/1975",476.6
"02/28/1975",501.29
"03/31/1975",510.22
"04/30/1975",532.32
"05/30/1975",552.66
"06/30/1975",572.85
"07/31/1975",528.18
"08/29/1975",516.1
"09/30/1975",495.48
"10/31/1975",523.15
"11/28/1975",532.2
"12/31/1975",524.18
"01/30/1976",585.13
"02/27/1976",576.39
"03/31/1976",593.02
"04/30/1976",584.4
"05/28/1976",571.93
"06/30/1976",592.19
"07/30/1976",584.34
"08/31/1976",578.31
"09/30/1976",589.35
"10/29/1976",573.26
"11/30/1976",567.82
"12/31/1976",595.57
"01/31/1977",562.58
"02/28/1977",544.81
"03/31/1977",533.55
"04/29/1977",529.22
"05/31/1977",514.17
"06/30/1977",533.95
"07/29/1977",522.71
"08/31/1977",510.04
"09/30/1977",507.11
"10/31/1977",483.53
"11/30/1977",494.16
"12/30/1977",493.97
"01/31/1978",460.62
"02/28/1978",446.35
"03/31/1978",453.87
"04/28/1978",488.79
"05/31/1978",486.29
"06/30/1978",472.61
"07/31/1978",494.3
"08/31/1978",504.81
"09/29/1978",497.37
"10/31/1978",447.79
"11/30/1978",453.21
"12/29/1978",457.92
"01/31/1979",471.94
"02/28/1979",449.44
"03/30/1979",469.47
"04/30/1979",464.93
"05/31/1979",446.98
"06/29/1979",459.13
"07/31/1979",458.07
"08/31/1979",477.81
"09/28/1979",472.69
"10/31/1979",436.74
"11/30/1979",451.16
"12/31/1979",453.94
"01/31/1980",473.31
"02/29/1980",464.67
"03/31/1980",411.11
"04/30/1980",423.27
"05/30/1980",438.65
"06/30/1980",445.58
"07/31/1980",474.56
"08/29/1980",473.89
"09/30/1980",481.77
"10/31/1980",484.87
"11/28/1980",530.13
"12/31/1980",507.43
"01/30/1981",480.32
"02/27/1981",481.71
"03/31/1981",495.69
"04/30/1981",480.8
"05/29/1981",476.26
"06/30/1981",467.14
"07/31/1981",461.02
"08/31/1981",429.11
"09/30/1981",402.09
"10/30/1981",420.95
"11/30/1981",434.96
"12/31/1981",420.53
"01/29/1982",411.84
"02/26/1982",385.68
"03/31/1982",382.16
"04/30/1982",395.77
"05/28/1982",376.7
"06/30/1982",364.49
"07/30/1982",354.29
"08/31/1982",394.57
"09/30/1982",396.76
"10/29/1982",439.23
"11/30/1982",455.96
"12/31/1982",464.81
"01/31/1983",479.22
"02/28/1983",487.83
"03/31/1983",503.97
"04/29/1983",537.92
"05/31/1983",528.03
"06/30/1983",543.46
"07/29/1983",524.88
"08/31/1983",529.23
"09/30/1983",531.95
"10/31/1983",522.33
"11/30/1983",530.38
"12/30/1983",525.17
"01/31/1984",517.27
"02/29/1984",494.74
"03/30/1984",500.44
"04/30/1984",500.74
"05/31/1984",469.65
"06/29/1984",476.47
"07/31/1984",466.83
"08/31/1984",514.49
"09/28/1984",510.26
"10/31/1984",508.78
"11/30/1984",501.09
"12/31/1984",512.3
"01/31/1985",549.21
"02/28/1985",551.34
"03/29/1985",547.69
"04/30/1985",542.62
"05/31/1985",569.82
"06/28/1985",575.12
"07/31/1985",571.27
"08/30/1985",563.38
"09/30/1985",542.31
"10/31/1985",563.28
"11/29/1985",598.28
"12/31/1985",623.52
"01/31/1986",623.28
"02/28/1986",669.68
"03/31/1986",708.27
"04/30/1986",699.54
"05/30/1986",732.65
"06/30/1986",738.92
"07/31/1986",695.55
"08/29/1986",743.71
"09/30/1986",677.09
"10/31/1986",713.49
"11/28/1986",728.16
"12/31/1986",706.92
"01/30/1987",795.03
"02/27/1987",821.43
"03/31/1987",839.35
"04/30/1987",825.32
"05/29/1987",827.36
"06/30/1987",863.95
"07/31/1987",903.23
"08/31/1987",929.9
"09/30/1987",902.69
"10/30/1987",704.4
"11/30/1987",643.72
"12/31/1987",690.63
"01/29/1988",716.69
"02/29/1988",744.73
"03/31/1988",716.81
"04/29/1988",719.85
"05/31/1988",719.68
"06/30/1988",747.63
"07/29/1988",740.45
"08/31/1988",708.88
"09/30/1988",732.12
"10/31/1988",748.63
"11/30/1988",733.87
"12/30/1988",743.42
"01/31/1989",792.34
"02/28/1989",766.24
"03/31/1989",777.71
"04/28/1989",811.35
"05/31/1989",835.12
"06/30/1989",826.49
"07/31/1989",897.36
"08/31/1989",909.82
"09/29/1989",900.98
"10/31/1989",874.1
"11/30/1989",886.44
"12/29/1989",903.99
"01/31/1990",833.19
"02/28/1990",836.37
"03/30/1990",851.99
"04/30/1990",827.8
"05/31/1990",901.85
"06/29/1990",889.02
"07/31/1990",880.98
"08/31/1990",790.62
"09/28/1990",743.93
"10/31/1990",734.52
"11/30/1990",776.8
"12/31/1990",796.08
"01/31/1991",824.21
"02/28/1991",878.36
"03/28/1991",896.53
"04/30/1991",895.49
"05/31/1991",927.32
"06/28/1991",880.31
"07/31/1991",918.45
"08/30/1991",933.75
"09/30/1991",911.87
"10/31/1991",921.32
"11/29/1991",878.31
"12/31/1991",975.61
"01/31/1992",954.79
"02/28/1992",960.47
"03/31/1992",934.78
"04/30/1992",959.47
"05/29/1992",959.02
"06/30/1992",939.02
"07/31/1992",973.9
"08/31/1992",947.83
"09/30/1992",953.76
"10/30/1992",952.4
"11/30/1992",979.84
"12/31/1992",990.44
"01/29/1993",992.52
"02/26/1993",999.42
"03/31/1993",1014.56
"04/30/1993",986.03
"05/28/1993",1007.03
"06/30/1993",1006.39
"07/30/1993",1001.03
"08/31/1993",1032.64
"09/30/1993",1020.21
"10/29/1993",1035.72
"11/30/1993",1021.64
"12/31/1993",1031.95
"01/31/1994",1062.58
"02/28/1994",1027.14
"03/31/1994",976.82
"04/29/1994",986.74
"05/31/1994",998.3
"06/30/1994",968.27
"07/29/1994",996.07
"08/31/1994",1029.36
"09/30/1994",999.01
"10/31/1994",1019.14
"11/30/1994",977.57
"12/30/1994",989.6
"01/31/1995",1009.58
"02/28/1995",1041.84
"03/31/1995",1066.77
"04/28/1995",1092.99
"05/31/1995",1130.45
"06/30/1995",1152.23
"07/31/1995",1188.84
"08/31/1995",1185.35
"09/29/1995",1230.47
"10/31/1995",1220.36
"11/30/1995",1271.28
"12/29/1995",1294.3
"01/31/1996",1328.73
"02/29/1996",1333.62
"03/29/1996",1337.27
"04/30/1996",1350.03
"05/31/1996",1378.24
"06/28/1996",1380.47
"07/31/1996",1314.8
"08/30/1996",1336.98
"09/30/1996",1404.98
"10/31/1996",1437.1
"11/29/1996",1539.63
"12/31/1996",1506.52
"01/31/1997",1593.87
"02/28/1997",1598.29
"03/31/1997",1526.36
"04/30/1997",1613.49
"05/30/1997",1709.07
"06/30/1997",1781.11
"07/31/1997",1917.9
"08/29/1997",1804.32
"09/30/1997",1895.51
"10/31/1997",1825.62
"11/28/1997",1908.2
"12/31/1997",1940.63
"01/30/1998",1956.68
"02/27/1998",2090.65
"03/31/1998",2191.01
"04/30/1998",2206.81
"05/29/1998",2161.28
"06/30/1998",2243.76
"07/31/1998",2214.98
"08/31/1998",1889.73
"09/30/1998",2005.18
"10/30/1998",2160.9
"11/30/1998",2288.67
"12/31/1998",2419.17
"01/29/1999",2512.25
"02/26/1999",2428.19
"03/31/1999",2514.74
"04/30/1999",2591.32
"05/28/1999",2526.61
"06/30/1999",2664.16
"07/30/1999",2571.05
"08/31/1999",2548.85
"09/30/1999",2464.28
"10/29/1999",2613.72
"11/30/1999",2661.96
"12/31/1999",2815.94
"01/31/2000",2664.68
"02/29/2000",2595.72
"03/31/2000",2823.5
"04/28/2000",2734.95
"05/31/2000",2671.9
"06/30/2000",2721.56
"07/31/2000",2670.89
"08/31/2000",2833.01
"09/29/2000",2667.6
"10/31/2000",2649.82
"11/30/2000",2436.25
"12/29/2000",2447.53
"01/31/2001",2516.4
"02/28/2001",2275.06
"03/30/2001",2124.16
"04/30/2001",2278.28
"05/31/2001",2279.56
"06/29/2001",2218.75
"07/31/2001",2201.1
"08/31/2001",2059.99
"09/28/2001",1883.16
"10/31/2001",1923.71
"11/30/2001",2071.83
"12/31/2001",2095.79
"01/31/2002",2058.49
"02/28/2002",2007.81
"03/28/2002",2069.93
"04/30/2002",1931.99
"05/31/2002",1914.45
"06/28/2002",1774.75
"07/31/2002",1632.72
"08/30/2002",1635.24
"09/30/2002",1452.91
"10/31/2002",1575.91
"11/29/2002",1665.84
"12/31/2002",1568.8
"01/31/2003",1519.07
"02/28/2003",1481.83
"03/31/2003",1485.29
"04/30/2003",1609.15
"05/30/2003",1693.82
"06/30/2003",1711.14
"07/31/2003",1737.01
"08/29/2003",1761.35
"09/30/2003",1734.67
"10/31/2003",1831.99
"11/28/2003",1850.05
"12/31/2003",1946.08
"01/30/2004",1970.08
"02/27/2004",1983.42
"03/31/2004",1938.48
"04/30/2004",1899.85
"05/28/2004",1911.62
"06/30/2004",1939.85
"07/30/2004",1876.3
"08/31/2004",1879.6
"09/30/2004",1893.21
"10/29/2004",1909.68
"11/30/2004",1982.35
"12/31/2004",2054.22
"01/31/2005",1998.07
"02/28/2005",2024.16
"03/31/2005",1970.06
"04/29/2005",1917.55
"05/31/2005",1977.01
"06/30/2005",1975.72
"07/29/2005",2037.35
"08/31/2005",2004.23
"09/30/2005",1993.79
"10/31/2005",1954.49
"11/30/2005",2039.64
"12/30/2005",2045.98
"01/31/2006",2082.22
"02/28/2006",2078.97
"03/31/2006",2090.46
"04/28/2006",2098.02
"05/31/2006",2023.12
"06/30/2006",2019.3
"07/31/2006",2023.59
"08/31/2006",2062.59
"09/29/2006",2123.67
"10/31/2006",2202.53
"11/30/2006",2242.13
"12/29/2006",2267.04
"01/31/2007",2291.91
"02/28/2007",2229.91
"03/30/2007",2231.85
"04/30/2007",2313.44
"05/31/2007",2374.23
"06/29/2007",2327.42
"07/31/2007",2253.56
"08/31/2007",2286.74
"09/28/2007",2362.08
"10/31/2007",2391.97
"11/30/2007",2273.12
"12/31/2007",2255.02
"01/31/2008",2106.63
"02/29/2008",2027.51
"03/31/2008",1998.11
"04/30/2008",2080.49
"05/30/2008",2085.14
"06/30/2008",1886.88
"07/31/2008",1858.52
"08/29/2008",1888.71
"09/30/2008",1719.61
"10/31/2008",1442.84
"11/28/2008",1360.91
"12/31/2008",1385.89
"01/30/2009",1261.69
"02/27/2009",1117.43
"03/31/2009",1209.92
"04/30/2009",1320.27
"05/29/2009",1386.35
"06/30/2009",1374.81
"07/31/2009",1479.09
"08/31/2009",1525.3
"09/30/2009",1578.8
"10/30/2009",1546.11
"11/30/2009",1633.65
"12/31/2009",1665.61
"01/29/2010",1598.57
"02/26/2010",1643.74
"03/31/2010",1733.27
"04/30/2010",1755.8
"05/28/2010",1610.62
"06/30/2010",1525.32
"07/30/2010",1629.89
"08/31/2010",1550.41
"09/30/2010",1685.17
"10/29/2010",1745.1
"11/30/2010",1740.38
"12/31/2010",1850.84
"01/31/2011",1883.78
"02/28/2011",1934.44
"03/31/2011",1913.75
"04/29/2011",1955.69
"05/31/2011",1920.26
"06/30/2011",1887.22
"07/29/2011",1845.06
"08/31/2011",1735.49
"09/30/2011",1608.5
"10/31/2011",1785.46
"11/30/2011",1777.93
"12/30/2011",1797.53
"01/31/2012",1867.66
"02/29/2012",1934.94
"03/30/2012",1980.53
"04/30/2012",1959.76
"05/31/2012",1839.14
"06/29/2012",1914.69
"07/31/2012",1941.98
"08/31/2012",1969.4
"09/28/2012",2008.17
"10/31/2012",1969.19
"11/30/2012",1984.2
"12/31/2012",2003.62
"01/31/2013",2098.45
"02/28/2013",2104.43
"03/28/2013",2174.48
"04/30/2013",2216.11
"05/31/2013",2258.1
"06/28/2013",2218.91
"07/31/2013",2327.74
"08/30/2013",2252.18
"09/30/2013",2316.48
"10/31/2013",2426.04
"11/29/2013",2499.19
"12/31/2013",2558.3
"01/31/2014",2458.12
"02/28/2014",2554.66
"03/31/2014",2555.91
"04/30/2014",2563.31
"05/30/2014",2608.11
"06/30/2014",2652.87
"07/31/2014",2613.89
"08/29/2014",2716.85
"09/30/2014",2672.69
"10/31/2014",2741.59
"11/28/2014",2824.1
"12/31/2014",2828.31
"01/30/2015",2753.47
"02/27/2015",2892.06
"03/31/2015",2824.93
"04/30/2015",2843.22
"05/29/2015",2858.48
"06/30/2015",2788.65
"07/31/2015",2843.52
"08/31/2015",2669.35
"09/30/2015",2602.81
"10/30/2015",2820.07
"11/30/2015",2827.46
"12/31/2015",2787.42
"01/29/2016",2641.64
"02/29/2016",2628.57
"03/31/2016",2790.01
"04/29/2016",2784.35
"05/31/2016",2815.64
"06/30/2016",2808.96
"07/29/2016",2913.7
"08/31/2016",2907.48
"09/30/2016",2896.93
"10/31/2016",2837.12
"11/30/2016",2938.64
"12/30/2016",2991.15
"01/31/2017",3027
"02/28/2017",3129.76
"03/31/2017",3126
"04/28/2017",3145.09
"05/31/2017",3178.78
"06/30/2017",3191.19
"07/31/2017",3255.18
"08/31/2017",3247.24
"09/29/2017",3292.48
"10/31/2017",3367.67
"11/30/2017",3462.15
"12/29/2017",3498.25
"01/31/2018",3674.76
"02/28/2018",3515.69
"03/29/2018",3413.46
"04/30/2018",3409.18
"05/31/2018",3468.43
"06/29/2018",3479.68
"07/31/2018",3604.78
"08/31/2018",3711.81
"09/28/2018",3723.42
"10/31/2018",3458.89
"11/30/2018",3532.5
"12/31/2018",3218.57
"01/31/2019",3465.22
"02/28/2019",3553.22
"03/29/2019",3596.62
"04/30/2019",3718.32
"05/31/2019",3466.36
"06/28/2019",3704.56
"07/31/2019",3746.93
"08/30/2019",3679.33
"09/30/2019",3739.62
"10/31/2019",3807.32
"11/29/2019",3939.06
"12/31/2019",4055.37
"01/31/2020",4033.12
"02/28/2020",3683.79
"03/31/2020",3229.91
"04/30/2020",3664.11
"05/29/2020",3829.95
"06/30/2020",3879.15
"07/31/2020",4072.3
"08/31/2020",4343.92
"09/30/2020",4167.71
"10/30/2020",4050.73
"11/30/2020",4489.11
"12/31/2020",4651.37
"01/29/2021",4580.09
"02/26/2021",4674
"03/31/2021",4838.09
"04/30/2021",5050.22
"05/28/2021",5037.54
"06/30/2021",5102.05
"07/30/2021",5193.13
"08/31/2021",5332.66
"09/30/2021",5065.23
"10/29/2021",5370.84
"11/30/2021",5300.04
"12/31/2021",5514.25
"01/31/2022",5180.69
"02/28/2022",4972.8
"03/31/2022",5082.83
"04/29/2022",4610.02
"05/31/2022",4560
"06/30/2022",4120.72
"07/29/2022",4496.72
"08/31/2022",4307.41
"09/30/2022",3896.73
"10/31/2022",4190.94
"11/30/2022",4420.68
"12/31/2022",4172.79
"01/31/2023",4395.33
"02/28/2023",4256.8
"03/31/2023",4391.47
"04/28/2023",4433.34
"05/31/2023",4433.18
"06/30/2023",4704.94
"07/31/2023",4842.21
"08/31/2023",4735.74
"09/29/2023",4493.85
"10/31/2023",4396.76
"11/30/2023",4798.53
"12/29/2023",5015.75
"01/31/2024",5067.87
"02/29/2024",5297.2
"03/28/2024",5426.43
"04/30/2024",5180.44
"05/31/2024",5420.21
"06/28/2024",5606.23
"07/31/2024",5663.12
"08/30/2024",5787.73
"09/30/2024",5895.16
"10/31/2024",5830.11
"11/29/2024",6167.52
"12/31/2024",6011.26
"01/31/2025",6133.51
"02/28/2025",6019.42
"03/31/2025",5660.32
"04/30/2025",5599.72
"05/30/2025",5931.85
"06/30/2025",6204.95
"07/31/2025",6329.83
"08/29/2025",6432.04
"09/30/2025",6642.35
"10/31/2025",6829.89
"11/03/2025",6851.97